ID,Title,Price,Category,Description
62,"Áo thun",12345699,"Clothes","New product"
67,"Hoho",1000000,"Shoes","aaaaaaaaaaaaaaaaaaa"
70,"Ngo Minh Hai 2280600805",66667,"Clothes","New product"
64,"hoodie hs",19999,"Clothes","New product"
52,"bukiii",11177,"Electronics","dsds"
57,"ÁO sweater",10000,"Clothes","Xấu"
55,"buku intern",7823,"Furniture","bukuidnah"
68,"hsd",6666,"Clothes","New product"
53,"dsds",3232,"Shoes","3assd"
54,"yyyy",2323,"Electronics","fdfsda"
75,"dsdsd",1212,"Clothes","Sản phẩm mới"
66,"Laptop",132,"Clothes","à"
71,"Laptop Gaming Asus ROG Strix SCAR 18 G835LX-SA193W",132,"Clothes","Là Laptop Gamming"
58,"xinchao",123,"Clothes","hi"
56,"string",100,"string","string"
60,"wadawd",100,"Clothes","New product created from dashboard"
61,"New Product",100,"Clothes","Test product"
65,"New Product 2",100,"Clothes","Test product 2"
8,"Classic Red Jogger Sweatpants",98,"Clothes","Experience ultimate comfort with our red jogger sweatpants, perfect for both workout sessions and lounging around the house. Made with soft, durable fabric, these joggers feature a snug waistband, adjustable drawstring, and practical side pockets for functionality. Their tapered design and elastic cuffs offer a modern fit that keeps you looking stylish on the go."
24,"Sleek Modern Laptop for Professionals",97,"Electronics","Experience cutting-edge technology and elegant design with our latest laptop model. Perfect for professionals on-the-go, this high-performance laptop boasts a powerful processor, ample storage, and a long-lasting battery life, all encased in a lightweight, slim frame for ultimate portability. Shop now to elevate your work and play."
4,"Classic Grey Hooded Sweatshirt",90,"Clothes","Elevate your casual wear with our Classic Grey Hooded Sweatshirt. Made from a soft cotton blend, this hoodie features a front kangaroo pocket, an adjustable drawstring hood, and ribbed cuffs for a snug fit. Perfect for those chilly evenings or lazy weekends, it pairs effortlessly with your favorite jeans or joggers."
13,"Classic Olive Chino Shorts",84,"Clothes","Elevate your casual wardrobe with these classic olive chino shorts. Designed for comfort and versatility, they feature a smooth waistband, practical pockets, and a tailored fit that makes them perfect for both relaxed weekends and smart-casual occasions. The durable fabric ensures they hold up throughout your daily activities while maintaining a stylish look."
39,"Vibrant Pink Classic Sneakers",84,"Shoes","Step into style with our Vibrant Pink Classic Sneakers! These eye-catching shoes feature a bold pink hue with iconic white detailing, offering a sleek, timeless design. Constructed with durable materials and a comfortable fit, they are perfect for those seeking a pop of color in their everyday footwear. Grab a pair today and add some vibrancy to your step!"
5,"Classic Black Hooded Sweatshirt",79,"Clothes","Elevate your casual wardrobe with our Classic Black Hooded Sweatshirt. Made from high-quality, soft fabric that ensures comfort and durability, this hoodie features a spacious kangaroo pocket and an adjustable drawstring hood. Its versatile design makes it perfect for a relaxed day at home or a casual outing."
7,"Classic Comfort Drawstring Joggers",79,"Clothes","Experience the perfect blend of comfort and style with our Classic Comfort Drawstring Joggers. Designed for a relaxed fit, these joggers feature a soft, stretchable fabric, convenient side pockets, and an adjustable drawstring waist with elegant gold-tipped detailing. Ideal for lounging or running errands, these pants will quickly become your go-to for effortless, casual wear."
16,"Classic White Tee - Timeless Style and Comfort",73,"Clothes","Elevate your everyday wardrobe with our Classic White Tee. Crafted from premium soft cotton material, this versatile t-shirt combines comfort with durability, perfect for daily wear. Featuring a relaxed, unisex fit that flatters every body type, it's a staple piece for any casual ensemble. Easy to care for and machine washable, this white tee retains its shape and softness wash after wash. Pair it with your favorite jeans or layer it under a jacket for a smart look."
47,"Radiant Citrus Eau de Parfum",73,"Miscellaneous","Indulge in the essence of summer with this vibrant citrus-scented Eau de Parfum. Encased in a sleek glass bottle with a bold orange cap, this fragrance embodies freshness and elegance. Perfect for daily wear, it's an olfactory delight that leaves a lasting, zesty impression."
34,"Modern Ergonomic Office Chair",71,"Furniture","Elevate your office space with this sleek and comfortable Modern Ergonomic Office Chair. Designed to provide optimal support throughout the workday, it features an adjustable height mechanism, smooth-rolling casters for easy mobility, and a cushioned seat for extended comfort. The clean lines and minimalist white design make it a versatile addition to any contemporary workspace."
3,"Classic Heather Gray Hoodie",69,"Clothes","Stay cozy and stylish with our Classic Heather Gray Hoodie. Crafted from soft, durable fabric, it features a kangaroo pocket, adjustable drawstring hood, and ribbed cuffs. Perfect for a casual day out or a relaxing evening in, this hoodie is a versatile addition to any wardrobe."
18,"Sleek White & Orange Wireless Gaming Controller",69,"Electronics","Elevate your gaming experience with this state-of-the-art wireless controller, featuring a crisp white base with vibrant orange accents. Designed for precision play, the ergonomic shape and responsive buttons provide maximum comfort and control for endless hours of gameplay. Compatible with multiple gaming platforms, this controller is a must-have for any serious gamer looking to enhance their setup."
40,"Futuristic Silver and Gold High-Top Sneaker",68,"Shoes","Step into the future with this eye-catching high-top sneaker, designed for those who dare to stand out. The sneaker features a sleek silver body with striking gold accents, offering a modern twist on classic footwear. Its high-top design provides support and style, making it the perfect addition to any avant-garde fashion collection. Grab a pair today and elevate your shoe game!"
32,"Elegant Solid Wood Dining Table",67,"Furniture","Enhance your dining space with this sleek, contemporary dining table, crafted from high-quality solid wood with a warm finish. Its sturdy construction and minimalist design make it a perfect addition for any home looking for a touch of elegance. Accommodates up to six guests comfortably and includes a striking fruit bowl centerpiece. The overhead lighting is not included."
30,"Elegant Golden-Base Stone Top Dining Table",66,"Furniture","Elevate your dining space with this luxurious table, featuring a sturdy golden metal base with an intricate rod design that provides both stability and chic elegance. The smooth stone top in a sleek round shape offers a robust surface for your dining pleasure. Perfect for both everyday meals and special occasions, this table easily complements any modern or glam decor."
9,"Classic Navy Blue Baseball Cap",61,"Clothes","Step out in style with this sleek navy blue baseball cap. Crafted from durable material, it features a smooth, structured design and an adjustable strap for the perfect fit. Protect your eyes from the sun and complement your casual looks with this versatile and timeless accessory."
49,"Chic Transparent Fashion Handbag",61,"Miscellaneous","Elevate your style with our Chic Transparent Fashion Handbag, perfect for showcasing your essentials with a clear, modern edge. This trendy accessory features durable acrylic construction, luxe gold-tone hardware, and an elegant chain strap. Its compact size ensures you can carry your day-to-day items with ease and sophistication."
12,"Classic Black Baseball Cap",58,"Clothes","Elevate your casual wear with this timeless black baseball cap. Made with high-quality, breathable fabric, it features an adjustable strap for the perfect fit. Whether you’re out for a jog or just running errands, this cap adds a touch of style to any outfit."
28,"Sleek Modern Leather Sofa",53,"Furniture","Enhance the elegance of your living space with our Sleek Modern Leather Sofa. Designed with a minimalist aesthetic, it features clean lines and a luxurious leather finish. The robust metal legs provide stability and support, while the plush cushions ensure comfort. Perfect for contemporary homes or office waiting areas, this sofa is a statement piece that combines style with practicality."
42,"Elegant Patent Leather Peep-Toe Pumps with Gold-Tone Heel",53,"Shoes","Step into sophistication with these chic peep-toe pumps, showcasing a lustrous patent leather finish and an eye-catching gold-tone block heel. The ornate buckle detail adds a touch of glamour, perfect for elevating your evening attire or complementing a polished daytime look."
51,"gelas",50,"Miscellaneous","Enhance your drinkware collection with our sophisticated set of glass tumblers, perfect for serving your favorite beverages. This versatile set includes both clear and subtly tinted glasses, lending a modern touch to any table setting. Crafted with quality materials, these durable tumblers are designed to withstand daily use while maintaining their elegant appeal."
72,"hehe",50,"Clothes","nah"
33,"Modern Minimalist Workstation Setup",49,"Furniture","Elevate your home office with our Modern Minimalist Workstation Setup, featuring a sleek wooden desk topped with an elegant computer, stylish adjustable wooden desk lamp, and complimentary accessories for a clean, productive workspace. This setup is perfect for professionals seeking a contemporary look that combines functionality with design."
21,"Efficient 2-Slice Toaster",48,"Electronics","Enhance your morning routine with our sleek 2-slice toaster, featuring adjustable browning controls and a removable crumb tray for easy cleaning. This compact and stylish appliance is perfect for any kitchen, ensuring your toast is always golden brown and delicious."
48,"Sleek Olive Green Hardshell Carry-On Luggage",48,"Miscellaneous","Travel in style with our durable hardshell carry-on, perfect for weekend getaways and business trips. This sleek olive green suitcase features smooth gliding wheels for easy airport navigation, a sturdy telescopic handle, and a secure zippered compartment to keep your belongings safe. Its compact size meets most airline overhead bin requirements, ensuring a hassle-free flying experience."
19,"Sleek Wireless Headphone & Inked Earbud Set",44,"Electronics","Experience the fusion of style and sound with this sophisticated audio set featuring a pair of sleek, white wireless headphones offering crystal-clear sound quality and over-ear comfort. The set also includes a set of durable earbuds, perfect for an on-the-go lifestyle. Elevate your music enjoyment with this versatile duo, designed to cater to all your listening needs."
14,"Classic High-Waisted Athletic Shorts",43,"Clothes","Stay comfortable and stylish with our Classic High-Waisted Athletic Shorts. Designed for optimal movement and versatility, these shorts are a must-have for your workout wardrobe. Featuring a figure-flattering high waist, breathable fabric, and a secure fit that ensures they stay in place during any activity, these shorts are perfect for the gym, running, or even just casual wear."
23,"Sleek Modern Laptop with Ambient Lighting",43,"Electronics","Experience next-level computing with our ultra-slim laptop, featuring a stunning display illuminated by ambient lighting. This high-performance machine is perfect for both work and play, delivering powerful processing in a sleek, portable design. The vibrant colors add a touch of personality to your tech collection, making it as stylish as it is functional."
15,"Classic White Crew Neck T-Shirt",39,"Clothes","Elevate your basics with this versatile white crew neck tee. Made from a soft, breathable cotton blend, it offers both comfort and durability. Its sleek, timeless design ensures it pairs well with virtually any outfit. Ideal for layering or wearing on its own, this t-shirt is a must-have staple for every wardrobe."
25,"Stylish Red & Silver Over-Ear Headphones",39,"Electronics","Immerse yourself in superior sound quality with these sleek red and silver over-ear headphones. Designed for comfort and style, the headphones feature cushioned ear cups, an adjustable padded headband, and a detachable red cable for easy storage and portability. Perfect for music lovers and audiophiles who value both appearance and audio fidelity."
35,"Futuristic Holographic Soccer Cleats",39,"Shoes","Step onto the field and stand out from the crowd with these eye-catching holographic soccer cleats. Designed for the modern player, these cleats feature a sleek silhouette, lightweight construction for maximum agility, and durable studs for optimal traction. The shimmering holographic finish reflects a rainbow of colors as you move, ensuring that you'll be noticed for both your skills and style. Perfect for the fashion-forward athlete who wants to make a statement."
36,"Rainbow Glitter High Heels",39,"Shoes","Step into the spotlight with these eye-catching rainbow glitter high heels. Designed to dazzle, each shoe boasts a kaleidoscope of shimmering colors that catch and reflect light with every step. Perfect for special occasions or a night out, these stunners are sure to turn heads and elevate any ensemble."
44,"Classic Blue Suede Casual Shoes",39,"Shoes","Step into comfort with our Classic Blue Suede Casual Shoes, perfect for everyday wear. These shoes feature a stylish blue suede upper, durable rubber soles for superior traction, and classic lace-up fronts for a snug fit. The sleek design pairs well with both jeans and chinos, making them a versatile addition to any wardrobe."
46,"Sleek All-Terrain Go-Kart",37,"Miscellaneous","Experience the thrill of outdoor adventures with our Sleek All-Terrain Go-Kart, featuring a durable frame, comfortable racing seat, and robust, large-tread tires perfect for handling a variety of terrains. Designed for fun-seekers of all ages, this go-kart is an ideal choice for backyard racing or exploring local trails."
41,"Futuristic Chic High-Heel Boots",36,"Shoes","Elevate your style with our cutting-edge high-heel boots that blend bold design with avant-garde aesthetics. These boots feature a unique color-block heel, a sleek silhouette, and a versatile light grey finish that pairs easily with any cutting-edge outfit. Crafted for the fashion-forward individual, these boots are sure to make a statement."
17,"Classic Black T-Shirt",35,"Clothes","Elevate your everyday style with our Classic Black T-Shirt. This staple piece is crafted from soft, breathable cotton for all-day comfort. Its versatile design features a classic crew neck and short sleeves, making it perfect for layering or wearing on its own. Durable and easy to care for, it's sure to become a favorite in your wardrobe."
37,"Chic Summer Denim Espadrille Sandals",33,"Shoes","Step into summer with style in our denim espadrille sandals. Featuring a braided jute sole for a classic touch and adjustable denim straps for a snug fit, these sandals offer both comfort and a fashionable edge. The easy slip-on design ensures convenience for beach days or casual outings."
73,"dddd",30,"Clothes","cccc"
20,"Sleek Comfort-Fit Over-Ear Headphones",28,"Electronics","Experience superior sound quality with our Sleek Comfort-Fit Over-Ear Headphones, designed for prolonged use with cushioned ear cups and an adjustable, padded headband. Ideal for immersive listening, whether you're at home, in the office, or on the move. Their durable construction and timeless design provide both aesthetically pleasing looks and long-lasting performance."
26,"Sleek Mirror Finish Phone Case",27,"Electronics","Enhance your smartphone's look with this ultra-sleek mirror finish phone case. Designed to offer style with protection, the case features a reflective surface that adds a touch of elegance while keeping your device safe from scratches and impacts. Perfect for those who love a minimalist and modern aesthetic."
38,"Vibrant Runners: Bold Orange & Blue Sneakers",27,"Shoes","Step into style with these eye-catching sneakers featuring a striking combination of orange and blue hues. Designed for both comfort and fashion, these shoes come with flexible soles and cushioned insoles, perfect for active individuals who don't compromise on style. The reflective silver accents add a touch of modernity, making them a standout accessory for your workout or casual wear."
6,"Classic Comfort Fit Joggers",25,"Clothes","Discover the perfect blend of style and comfort with our Classic Comfort Fit Joggers. These versatile black joggers feature a soft elastic waistband with an adjustable drawstring, two side pockets, and ribbed ankle cuffs for a secure fit. Made from a lightweight and durable fabric, they are ideal for both active days and relaxed lounging."
31,"Modern Elegance Teal Armchair",25,"Furniture","Elevate your living space with this beautifully crafted armchair, featuring a sleek wooden frame that complements its vibrant teal upholstery. Ideal for adding a pop of color and contemporary style to any room, this chair provides both superb comfort and sophisticated design. Perfect for reading, relaxing, or creating a cozy conversation nook."
29,"Mid-Century Modern Wooden Dining Table",24,"Furniture","Elevate your dining room with this sleek Mid-Century Modern dining table, featuring an elegant walnut finish and tapered legs for a timeless aesthetic. Its sturdy wood construction and minimalist design make it a versatile piece that fits with a variety of decor styles. Perfect for intimate dinners or as a stylish spot for your morning coffee."
69,"Áo khoác Arsenal",23,"Electronics","thoáng mát"
45,"Sleek Futuristic Electric Bicycle",22,"Miscellaneous","This modern electric bicycle combines style and efficiency with its unique design and top-notch performance features. Equipped with a durable frame, enhanced battery life, and integrated tech capabilities, it's perfect for the eco-conscious commuter looking to navigate the city with ease."
74,"A Classic Hooded",20,"Clothes","Clothes"
43,"Elegant Purple Leather Loafers",17,"Shoes","Step into sophistication with our Elegant Purple Leather Loafers, perfect for making a bold statement. Crafted from high-quality leather with a vibrant purple finish, these shoes feature a classic loafer silhouette that's been updated with a contemporary twist. The comfortable slip-on design and durable soles ensure both style and functionality for the modern man."
27,"Sleek Smartwatch with Vibrant Display",16,"Electronics","Experience modern timekeeping with our high-tech smartwatch, featuring a vivid touch screen display, customizable watch faces, and a comfortable blue silicone strap. This smartwatch keeps you connected with notifications and fitness tracking while showcasing exceptional style and versatility."
22,"Sleek Wireless Computer Mouse",10,"Electronics","Experience smooth and precise navigation with this modern wireless mouse, featuring a glossy finish and a comfortable ergonomic design. Its responsive tracking and easy-to-use interface make it the perfect accessory for any desktop or laptop setup. The stylish blue hue adds a splash of color to your workspace, while its compact size ensures it fits neatly in your bag for on-the-go productivity."
63,"121",5,"Clothes","qưqx"
59,"Main Slider w/banners ",3,"444","pdls fksnf alsdfcv keafc  fkxnc skcn sdfhc dcn sjceuafohaw fhh c"
2,"Classic Red Pullover Hoodie",1,"Clothes","Elevate your casual wardrobe with our Classic Red Pullover Hoodie. Crafted with a soft cotton blend for ultimate comfort, this vibrant red hoodie features a kangaroo pocket, adjustable drawstring hood, and ribbed cuffs for a snug fit. The timeless design ensures easy pairing with jeans or joggers for a relaxed yet stylish look, making it a versatile addition to your everyday attire."